test_no,runtime_s,step_runtime,cpu_user_s,cpu_system_s,cpu_total_s,cpu_avg_percent,peak_rss_mb,output_size,loc,api_calls,complexity
1,1.9290189580060542,0.0009645094790030271,0.05524883199999997,0.060697032,0.11594586399999997,6.010612986398451,115.96875,1421,18,5,3
2,2.206185082992306,0.001103092541496153,0.056217279999999925,0.07196171199999998,0.1281789919999999,5.809983622323628,116.09375,8191498,19,5,3
3,4.720726875006221,0.0023603634375031104,2.470741248,0.13332022400000001,2.604061472,55.16229896262678,390.265625,8191498,51,17,8
4,1.7820895000186283,0.0008910447500093141,0.10177663999999975,0.094626496,0.19640313599999976,11.020946815406676,387.34375,1422,53,11,11
5,2.3348490000062156,0.0011674245000031077,0.05847398399999992,0.07676060800000001,0.13523459199999993,5.79200590700469,387.34375,1484,38,12,6
