test_no,runtime_s,step_runtime,cpu_user_s,cpu_system_s,cpu_total_s,cpu_avg_percent,peak_rss_mb,output_size,loc,api_calls,complexity
1,1.9061546250013635,0.0009530773125006818,0.0550195200000001,0.05987228800000001,0.11489180800000011,6.027412807600429,115.515625,1421,18,5,3
2,2.204900207987521,0.0011024501039937605,0.05614854400000002,0.07510441600000001,0.13125296000000003,5.952784598800441,115.578125,8191498,19,5,3
3,4.672319458972197,0.0023361597294860987,2.4557077759999997,0.130369472,2.5860772479999996,55.34889621115242,391.328125,8191498,51,17,8
4,1.8062180839770008,0.0009031090419885004,0.10084608000000017,0.09575292799999996,0.19659900800000013,10.8845664731205,388.5,1422,53,11,11
5,2.354911500005983,0.0011774557500029913,0.0565506560000002,0.07627615999999998,0.13282681600000018,5.640416465742459,388.5,1484,38,12,6
