test_no,runtime_s,step_runtime,cpu_user_s,cpu_system_s,cpu_total_s,cpu_avg_percent,peak_rss_mb,output_size,loc,api_calls,complexity
1,1.9101642500027083,0.0009550821250013541,0.05871519999999997,0.06211567199999998,0.12083087199999995,6.325679689577932,116.921875,1421,18,5,3
2,2.215495209005894,0.0011077476045029471,0.056582912000000096,0.07184475200000001,0.1284276640000001,5.796792675422953,117.046875,8191498,19,5,3
3,4.797200500004692,0.002398600250002346,2.531043328,0.13396008000000004,2.665003408,55.5533046408503,388.59375,8191498,51,17,8
4,2.0524762920103967,0.0010262381460051984,0.12072499199999998,0.12100336,0.24172835199999998,11.777400447496888,385.625,1422,53,11,11
5,2.3901162919937633,0.0011950581459968816,0.061390591999999966,0.08049987199999997,0.14189046399999994,5.9365506387824825,385.6875,1484,38,12,6
