test_no,runtime_s,step_runtime,cpu_user_s,cpu_system_s,cpu_total_s,cpu_avg_percent,peak_rss_mb,output_size,loc,api_calls,complexity
1,4.16558770800475,0.002082793854002375,1.345020896,0.215175592,1.560196488,37.45441453559765,120.859375,4004,13,4,1
2,7.8294516669993754,0.003914725833499688,2.963634816,0.9769552960000001,3.9405901119999998,50.330345975687266,200.421875,6253195,16,5,1
3,7.849092958989786,0.003924546479494893,4.65371904,0.33402150399999986,4.987740544,63.54543856290301,292.953125,2583998,24,7,1
4,4.169040334003512,0.002084520167001756,1.2587653119999995,0.26848038400000007,1.5272456959999996,36.63302759494754,290.53125,4005,29,8,5
5,4.75755720800953,0.002378778604004765,1.5820431360000011,0.24409471999999988,1.826137856000001,38.383938987126164,288.375,4266,19,7,4
