test_no,runtime_s,step_runtime,cpu_user_s,cpu_system_s,cpu_total_s,cpu_avg_percent,peak_rss_mb,output_size,loc,api_calls,complexity
1,4.1694485409825575,0.0020847242704912787,1.3378164479999999,0.21835192,1.5561683679999998,37.323122055687456,120.046875,4004,13,4,1
2,7.911882042011712,0.003955941021005856,3.0066206719999995,0.978509088,3.9851297599999995,50.368922828211446,207.3125,6253195,16,5,1
3,7.896778374997666,0.003948389187498833,4.673639424000001,0.33221196799999997,5.005851392000001,63.3910584074291,292.8125,2583998,24,7,1
4,3.9095371660077944,0.0019745137202059567,1.1840450560000004,0.22699916800000008,1.4110442240000005,36.09235989028547,291.265625,4005,26,8,3
5,4.5120877499866765,0.0022560438749933383,1.5311493120000002,0.20039833600000012,1.7315476480000003,38.37575295394273,290.3125,4266,18,7,1
