test_no,runtime_s,step_runtime,cpu_user_s,cpu_system_s,cpu_total_s,cpu_avg_percent,peak_rss_mb,output_size,loc,api_calls,complexity
1,4.4598743339884095,0.002229937166994205,1.377348384,0.261802784,1.6391511680000002,36.75330391056395,119.53125,4004,14,5,3
2,8.337602082989179,0.00416880104149459,3.163010816,1.054952288,4.217963104,50.58964270561332,199.046875,6253195,17,6,3
3,8.224181041005068,0.004112090520502534,4.766682112,0.37497100799999994,5.14165312,62.518724896304626,299.015625,2583998,25,8,3
4,4.216079291014466,0.002108039645507233,1.2214487039999984,0.26988736,1.4913360639999984,35.372581041784805,299.6875,4005,29,8,5
5,4.770040542003699,0.0023850202710018493,1.5894958079999988,0.24008230399999997,1.8295781119999988,38.35560926346903,300.328125,4266,19,7,4
